[{"@type": "RankingQuestion", "lowerCaseAlias": "", "id": 2058203, "alias": "", "text": "agfasd", "uiType": "ordering", "image": null, "choices": [{"id": 1175331, "sequence": 0, "alias": null, "text": "two", "image": null}, {"id": 2671827, "sequence": 1, "alias": null, "text": "thrr", "image": null}, {"id": 1015135, "sequence": 2, "alias": null, "text": "omr", "image": null}], "minNumberSelections": 1, "maxNumberSelections": 2, "correctAnswer": [{"choiceId": 1175331, "rank": "2"}, {"choiceId": 2671827, "rank": "3"}, {"choiceId": 1015135, "rank": "1"}], "correctAnswerExplanation": "fdsdfg"}]