[{"@type":"MultipleChoiceQuestion","lowerCaseAlias":"","id":"1566647","alias":null,"text":"Name the filters.","image":"c19cd52c-37fd-4e8f-91dc-e63729c6744a","choices":[{"id":"6223884","alias":null,"text":"Shovel","isCorrectAnswer":false,"excludeFromResults":false,"image":null},{"id":"6223885","alias":null,"text":"Sovel","isCorrectAnswer":false,"excludeFromResults":false,"image":null},{"id":"6223886","alias":null,"text":"Sobel","isCorrectAnswer":true,"excludeFromResults":false,"image":null},{"id":"6223887","alias":null,"text":"Prewit","isCorrectAnswer":false,"excludeFromResults":false,"image":null},{"id":"6224557","alias":null,"text":"Prewitt","isCorrectAnswer":false,"excludeFromResults":false,"image":null},{"id":"6224558","alias":null,"text":"Previt","isCorrectAnswer":false,"excludeFromResults":false,"image":null},{"id":"6224559","alias":null,"text":"Roberts","isCorrectAnswer":false,"excludeFromResults":false,"image":null},{"id":"6224560","alias":null,"text":"Robert","isCorrectAnswer":false,"excludeFromResults":false,"image":null},{"id":"6224561","alias":null,"text":"Row-bert","isCorrectAnswer":false,"excludeFromResults":false,"image":null}],"minNumberSelections":1,"maxNumberSelections":1,"resultFormat":"%","distributableWeight":null,"weightingSetting":null,"weightingFactor":null,"correctAnswerExplanation":null},{"@type":"MultipleChoiceQuestion","lowerCaseAlias":"","id":"1566824","alias":null,"text":"Name the filters.","image":"ef034d9f-b231-477c-a174-79f2a37ec320","choices":[{"id":"6224574","alias":null,"text":"Shovel","isCorrectAnswer":false,"excludeFromResults":false,"image":null},{"id":"6224575","alias":null,"text":"Sovel","isCorrectAnswer":false,"excludeFromResults":false,"image":null},{"id":"6224576","alias":null,"text":"Sobel","isCorrectAnswer":false,"excludeFromResults":false,"image":null},{"id":"6224577","alias":null,"text":"Prewit","isCorrectAnswer":false,"excludeFromResults":false,"image":null},{"id":"6224578","alias":null,"text":"Prewitt","isCorrectAnswer":true,"excludeFromResults":false,"image":null},{"id":"6224579","alias":null,"text":"Previt","isCorrectAnswer":false,"excludeFromResults":false,"image":null},{"id":"6224580","alias":null,"text":"Roberts","isCorrectAnswer":false,"excludeFromResults":false,"image":null},{"id":"6224581","alias":null,"text":"Robert","isCorrectAnswer":false,"excludeFromResults":false,"image":null},{"id":"6224582","alias":null,"text":"Row-bert","isCorrectAnswer":false,"excludeFromResults":false,"image":null}],"minNumberSelections":1,"maxNumberSelections":1,"resultFormat":"%","distributableWeight":null,"weightingSetting":null,"weightingFactor":null,"correctAnswerExplanation":null},{"@type":"MultipleChoiceQuestion","lowerCaseAlias":"","id":"1566825","alias":null,"text":"Name the filters.","image":"ad2ae678-11d1-4abe-8b81-3176e8be821e","choices":[{"id":"6224583","alias":null,"text":"Shovel","isCorrectAnswer":false,"excludeFromResults":false,"image":null},{"id":"6224584","alias":null,"text":"Sovel","isCorrectAnswer":false,"excludeFromResults":false,"image":null},{"id":"6224585","alias":null,"text":"Sobel","isCorrectAnswer":false,"excludeFromResults":false,"image":null},{"id":"6224586","alias":null,"text":"Prewit","isCorrectAnswer":false,"excludeFromResults":false,"image":null},{"id":"6224587","alias":null,"text":"Prewitt","isCorrectAnswer":false,"excludeFromResults":false,"image":null},{"id":"6224588","alias":null,"text":"Previt","isCorrectAnswer":false,"excludeFromResults":false,"image":null},{"id":"6224589","alias":null,"text":"Roberts","isCorrectAnswer":true,"excludeFromResults":false,"image":null},{"id":"6224590","alias":null,"text":"Robert","isCorrectAnswer":false,"excludeFromResults":false,"image":null},{"id":"6224591","alias":null,"text":"Row-bert","isCorrectAnswer":false,"excludeFromResults":false,"image":null}],"minNumberSelections":1,"maxNumberSelections":1,"resultFormat":"%","distributableWeight":null,"weightingSetting":null,"weightingFactor":null,"correctAnswerExplanation":null},{"@type":"MultipleChoiceQuestion","lowerCaseAlias":"","id":"1566650","alias":null,"text":"Which components of the gradient do these correlational filter masks compute?","image":"0be131ab-d8ac-4857-aee1-daf22d5c337f","choices":[{"id":"6223896","alias":null,"text":"magnitude and direction of the gradient","isCorrectAnswer":false,"excludeFromResults":false,"image":null},{"id":"6223897","alias":null,"text":"gradient in 45 and 135 degrees","isCorrectAnswer":false,"excludeFromResults":false,"image":null},{"id":"6224758","alias":null,"text":"vertical and horizontal gradient","isCorrectAnswer":false,"excludeFromResults":false,"image":null},{"id":"6224759","alias":null,"text":"magnitude and orientation of the gradient","isCorrectAnswer":false,"excludeFromResults":false,"image":null},{"id":"6224760","alias":null,"text":"horizontal and vertical gradient","isCorrectAnswer":true,"excludeFromResults":false,"image":null},{"id":"6224761","alias":null,"text":"gradient in 45 and -45 degrees","isCorrectAnswer":false,"excludeFromResults":false,"image":null}],"minNumberSelections":1,"maxNumberSelections":1,"resultFormat":"%","distributableWeight":null,"weightingSetting":null,"weightingFactor":null,"correctAnswerExplanation":null},{"@type":"MultipleChoiceQuestion","lowerCaseAlias":"","id":"1566655","alias":null,"text":"How many steps does the Canny edge detector have?","image":null,"choices":[{"id":"9040264","alias":null,"text":"0","isCorrectAnswer":false,"excludeFromResults":false,"image":null},{"id":"9040265","alias":null,"text":"1","isCorrectAnswer":false,"excludeFromResults":false,"image":null},{"id":"9040266","alias":null,"text":"2","isCorrectAnswer":false,"excludeFromResults":false,"image":null},{"id":"9040267","alias":null,"text":"3","isCorrectAnswer":false,"excludeFromResults":false,"image":null},{"id":"9040268","alias":null,"text":"4","isCorrectAnswer":false,"excludeFromResults":false,"image":null},{"id":"9040269","alias":null,"text":"5","isCorrectAnswer":false,"excludeFromResults":false,"image":null},{"id":"9040270","alias":null,"text":"6","isCorrectAnswer":true,"excludeFromResults":false,"image":null},{"id":"9040271","alias":null,"text":"7","isCorrectAnswer":false,"excludeFromResults":false,"image":null},{"id":"9040272","alias":null,"text":"8","isCorrectAnswer":false,"excludeFromResults":false,"image":null},{"id":"9040273","alias":null,"text":"9","isCorrectAnswer":false,"excludeFromResults":false,"image":null},{"id":"9040274","alias":null,"text":"10","isCorrectAnswer":false,"excludeFromResults":false,"image":null}],"minNumberSelections":1,"maxNumberSelections":1,"resultFormat":"%","distributableWeight":null,"weightingSetting":null,"weightingFactor":null,"correctAnswerExplanation":null},{"@type":"MultipleChoiceQuestion","lowerCaseAlias":"","id":"1566652","alias":null,"text":"The last (6th) step in Canny edge detection is...","image":null,"choices":[{"id":"6223900","alias":null,"text":"Gradient computation in perpendicular directions","isCorrectAnswer":false,"excludeFromResults":false,"image":null},{"id":"6223901","alias":null,"text":"Gradient computation in terms of magnitude and orientation","isCorrectAnswer":false,"excludeFromResults":false,"image":null},{"id":"6224808","alias":null,"text":"Double thresholding","isCorrectAnswer":false,"excludeFromResults":false,"image":null},{"id":"6224809","alias":null,"text":"Noise removal","isCorrectAnswer":false,"excludeFromResults":false,"image":null},{"id":"6224810","alias":null,"text":"Non-maxima suppression","isCorrectAnswer":false,"excludeFromResults":false,"image":null},{"id":"6224811","alias":null,"text":"Hysteresits","isCorrectAnswer":true,"excludeFromResults":false,"image":null}],"minNumberSelections":1,"maxNumberSelections":1,"resultFormat":"%","distributableWeight":null,"weightingSetting":null,"weightingFactor":null,"correctAnswerExplanation":null},{"@type":"MultipleChoiceQuestion","lowerCaseAlias":"","id":"1566881","alias":null,"text":"The second to last (5th) step in Canny edge detection is...","image":null,"choices":[{"id":"6224812","alias":null,"text":"Gradient computation in perpendicular directions","isCorrectAnswer":false,"excludeFromResults":false,"image":null},{"id":"6224813","alias":null,"text":"Gradient computation in terms of magnitude and orientation","isCorrectAnswer":false,"excludeFromResults":false,"image":null},{"id":"6224814","alias":null,"text":"Double thresholding","isCorrectAnswer":true,"excludeFromResults":false,"image":null},{"id":"6224815","alias":null,"text":"Noise removal","isCorrectAnswer":false,"excludeFromResults":false,"image":null},{"id":"6224816","alias":null,"text":"Non-maxima suppression","isCorrectAnswer":false,"excludeFromResults":false,"image":null},{"id":"6224817","alias":null,"text":"Hysteresits","isCorrectAnswer":false,"excludeFromResults":false,"image":null}],"minNumberSelections":1,"maxNumberSelections":1,"resultFormat":"%","distributableWeight":null,"weightingSetting":null,"weightingFactor":null,"correctAnswerExplanation":null},{"@type":"MultipleChoiceQuestion","lowerCaseAlias":"","id":"1566887","alias":null,"text":"The fourth step in Canny edge detection is...","image":null,"choices":[{"id":"6224828","alias":null,"text":"Gradient computation in perpendicular directions","isCorrectAnswer":false,"excludeFromResults":false,"image":null},{"id":"6224829","alias":null,"text":"Gradient computation in terms of magnitude and orientation","isCorrectAnswer":false,"excludeFromResults":false,"image":null},{"id":"6224830","alias":null,"text":"Double thresholding","isCorrectAnswer":false,"excludeFromResults":false,"image":null},{"id":"6224831","alias":null,"text":"Noise removal","isCorrectAnswer":false,"excludeFromResults":false,"image":null},{"id":"6224832","alias":null,"text":"Non-maxima suppression","isCorrectAnswer":true,"excludeFromResults":false,"image":null},{"id":"6224833","alias":null,"text":"Hysteresits","isCorrectAnswer":false,"excludeFromResults":false,"image":null}],"minNumberSelections":1,"maxNumberSelections":1,"resultFormat":"%","distributableWeight":null,"weightingSetting":null,"weightingFactor":null,"correctAnswerExplanation":null},{"@type":"MultipleChoiceQuestion","lowerCaseAlias":"","id":"1566890","alias":null,"text":"The third step in Canny edge detection is...","image":null,"choices":[{"id":"6224837","alias":null,"text":"Gradient computation in perpendicular directions","isCorrectAnswer":false,"excludeFromResults":false,"image":null},{"id":"6224838","alias":null,"text":"Gradient computation in terms of magnitude and orientation","isCorrectAnswer":true,"excludeFromResults":false,"image":null},{"id":"6224839","alias":null,"text":"Double thresholding","isCorrectAnswer":false,"excludeFromResults":false,"image":null},{"id":"6224840","alias":null,"text":"Noise removal","isCorrectAnswer":false,"excludeFromResults":false,"image":null},{"id":"6224841","alias":null,"text":"Non-maxima suppression","isCorrectAnswer":false,"excludeFromResults":false,"image":null},{"id":"6224842","alias":null,"text":"Hysteresits","isCorrectAnswer":false,"excludeFromResults":false,"image":null}],"minNumberSelections":1,"maxNumberSelections":1,"resultFormat":"%","distributableWeight":null,"weightingSetting":null,"weightingFactor":null,"correctAnswerExplanation":null},{"@type":"MultipleChoiceQuestion","lowerCaseAlias":"","id":"1566891","alias":null,"text":"The second step in Canny edge detection is...","image":null,"choices":[{"id":"6224843","alias":null,"text":"Gradient computation in perpendicular directions","isCorrectAnswer":true,"excludeFromResults":false,"image":null},{"id":"6224844","alias":null,"text":"Gradient computation in terms of magnitude and orientation","isCorrectAnswer":false,"excludeFromResults":false,"image":null},{"id":"6224845","alias":null,"text":"Double thresholding","isCorrectAnswer":false,"excludeFromResults":false,"image":null},{"id":"6224846","alias":null,"text":"Noise removal","isCorrectAnswer":false,"excludeFromResults":false,"image":null},{"id":"6224847","alias":null,"text":"Non-maxima suppression","isCorrectAnswer":false,"excludeFromResults":false,"image":null},{"id":"6224848","alias":null,"text":"Hysteresits","isCorrectAnswer":false,"excludeFromResults":false,"image":null}],"minNumberSelections":1,"maxNumberSelections":1,"resultFormat":"%","distributableWeight":null,"weightingSetting":null,"weightingFactor":null,"correctAnswerExplanation":null},{"@type":"MultipleChoiceQuestion","lowerCaseAlias":"","id":"1566892","alias":null,"text":"The first step in Canny edge detection is...","image":null,"choices":[{"id":"6224849","alias":null,"text":"Gradient computation in perpendicular directions","isCorrectAnswer":false,"excludeFromResults":false,"image":null},{"id":"6224850","alias":null,"text":"Gradient computation in terms of magnitude and orientation","isCorrectAnswer":false,"excludeFromResults":false,"image":null},{"id":"6224851","alias":null,"text":"Double thresholding","isCorrectAnswer":false,"excludeFromResults":false,"image":null},{"id":"6224852","alias":null,"text":"Noise removal","isCorrectAnswer":true,"excludeFromResults":false,"image":null},{"id":"6224853","alias":null,"text":"Non-maxima suppression","isCorrectAnswer":false,"excludeFromResults":false,"image":null},{"id":"6224854","alias":null,"text":"Hysteresits","isCorrectAnswer":false,"excludeFromResults":false,"image":null}],"minNumberSelections":1,"maxNumberSelections":1,"resultFormat":"%","distributableWeight":null,"weightingSetting":null,"weightingFactor":null,"correctAnswerExplanation":null},{"@type":"MultipleChoiceQuestion","lowerCaseAlias":"","id":"1566895","alias":null,"text":"What noise removal technique should we use when applying Canny edge detection? (first step)","image":null,"choices":[{"id":"6224863","alias":null,"text":"Median filter","isCorrectAnswer":false,"excludeFromResults":false,"image":null},{"id":"6224864","alias":null,"text":"Mean filter","isCorrectAnswer":false,"excludeFromResults":false,"image":null},{"id":"6224865","alias":null,"text":"Correlation using a box filter","isCorrectAnswer":false,"excludeFromResults":false,"image":null},{"id":"6224866","alias":null,"text":"Gaussian filtering","isCorrectAnswer":true,"excludeFromResults":false,"image":null},{"id":"6224867","alias":null,"text":"Non-maxima suppression","isCorrectAnswer":false,"excludeFromResults":false,"image":null}],"minNumberSelections":1,"maxNumberSelections":1,"resultFormat":"%","distributableWeight":null,"weightingSetting":null,"weightingFactor":null,"correctAnswerExplanation":null},{"@type":"MultipleChoiceQuestion","lowerCaseAlias":"","id":"1566921","alias":null,"text":"Based on the previous question, what filter or filters could we use in the first step?","image":"e58c5bd8-d0d7-4f33-95e4-fa587f9172ac","choices":[{"id":"6224952","alias":null,"text":"a","isCorrectAnswer":true,"excludeFromResults":false,"image":null},{"id":"6224953","alias":null,"text":"b","isCorrectAnswer":true,"excludeFromResults":false,"image":null},{"id":"6224954","alias":null,"text":"c","isCorrectAnswer":false,"excludeFromResults":false,"image":null},{"id":"6224955","alias":null,"text":"d","isCorrectAnswer":true,"excludeFromResults":false,"image":null},{"id":"6224956","alias":null,"text":"e","isCorrectAnswer":false,"excludeFromResults":false,"image":null},{"id":"6224957","alias":null,"text":"f","isCorrectAnswer":false,"excludeFromResults":false,"image":null}],"minNumberSelections":1,"maxNumberSelections":6,"resultFormat":"%","distributableWeight":null,"weightingSetting":null,"weightingFactor":null,"correctAnswerExplanation":null},{"@type":"MultipleChoiceQuestion","lowerCaseAlias":"","id":"1566924","alias":null,"text":"Apply the Gaussian filter in the figure to the highlighted pixel. [RESULTS IN NEXT QUESTION]","image":"04c2f1fa-5276-4e0c-afcf-84d6ad3528a8","choices":[{"id":"9040355","alias":null,"text":"0","isCorrectAnswer":false,"excludeFromResults":false,"image":null},{"id":"9040356","alias":null,"text":"1","isCorrectAnswer":false,"excludeFromResults":false,"image":null},{"id":"9040357","alias":null,"text":"2","isCorrectAnswer":false,"excludeFromResults":false,"image":null},{"id":"9040358","alias":null,"text":"3","isCorrectAnswer":false,"excludeFromResults":false,"image":null},{"id":"9040359","alias":null,"text":"4","isCorrectAnswer":false,"excludeFromResults":false,"image":null},{"id":"9040360","alias":null,"text":"5","isCorrectAnswer":true,"excludeFromResults":false,"image":null},{"id":"9040361","alias":null,"text":"6","isCorrectAnswer":false,"excludeFromResults":false,"image":null},{"id":"9040362","alias":null,"text":"7","isCorrectAnswer":false,"excludeFromResults":false,"image":null},{"id":"9040363","alias":null,"text":"8","isCorrectAnswer":false,"excludeFromResults":false,"image":null},{"id":"9040364","alias":null,"text":"9","isCorrectAnswer":false,"excludeFromResults":false,"image":null},{"id":"9040365","alias":null,"text":"10","isCorrectAnswer":false,"excludeFromResults":false,"image":null}],"minNumberSelections":1,"maxNumberSelections":1,"resultFormat":"%","distributableWeight":null,"weightingSetting":null,"weightingFactor":null,"correctAnswerExplanation":null},{"@type":"MultipleChoiceQuestion","lowerCaseAlias":"","id":"1566940","alias":null,"text":"[RESULT]","image":"6cb38c61-a567-41ea-8079-906433eb41d1","choices":[{"id":"9040370","alias":null,"text":"5","isCorrectAnswer":true,"excludeFromResults":false,"image":null},{"id":"9040371","alias":null,"text":"0","isCorrectAnswer":false,"excludeFromResults":false,"image":null}],"minNumberSelections":1,"maxNumberSelections":1,"resultFormat":"%","distributableWeight":null,"weightingSetting":null,"weightingFactor":null,"correctAnswerExplanation":null},{"@type":"MultipleChoiceQuestion","lowerCaseAlias":"","id":"1566941","alias":null,"text":"Apply the Gaussian filter in the figure to the highlighted pixel. [RESULTS IN NEXT QUESTION]","image":"d52938cf-acba-4b98-af77-c225f30b6928","choices":[{"id":"9040372","alias":null,"text":"1.135","isCorrectAnswer":false,"excludeFromResults":false,"image":null},{"id":"9040373","alias":null,"text":"1.615","isCorrectAnswer":false,"excludeFromResults":false,"image":null},{"id":"9040374","alias":null,"text":"2.325","isCorrectAnswer":false,"excludeFromResults":false,"image":null},{"id":"9040375","alias":null,"text":"2.625","isCorrectAnswer":true,"excludeFromResults":false,"image":null},{"id":"9040376","alias":null,"text":"3.325","isCorrectAnswer":false,"excludeFromResults":false,"image":null},{"id":"9040377","alias":null,"text":"3.652","isCorrectAnswer":false,"excludeFromResults":false,"image":null}],"minNumberSelections":1,"maxNumberSelections":1,"resultFormat":"%","distributableWeight":null,"weightingSetting":null,"weightingFactor":null,"correctAnswerExplanation":null},{"@type":"MultipleChoiceQuestion","lowerCaseAlias":"","id":"1566942","alias":null,"text":"[RESULT]","image":"52c48d3c-004f-440f-a958-e04d2d0b0aae","choices":[{"id":"9040382","alias":null,"text":"2.625","isCorrectAnswer":true,"excludeFromResults":false,"image":null},{"id":"9040383","alias":null,"text":"0","isCorrectAnswer":false,"excludeFromResults":false,"image":null}],"minNumberSelections":1,"maxNumberSelections":1,"resultFormat":"%","distributableWeight":null,"weightingSetting":null,"weightingFactor":null,"correctAnswerExplanation":null},{"@type":"ClickMapQuestion","lowerCaseAlias":"","id":"1566970","alias":null,"text":"Assume that you have computed the gradients of an image and used them to calculate the gradient orientation and its magnitude. The results are shown in the image. Perform the non-maxima suppression of the Canny edge detector for the horizontal direction and select the elements that would be sent to zero in the image. [RESULTS IN NEXT QUESTION]","image":"5c537ac6-a403-4846-8b88-1636c878004b","options":[],"maxNumberSelections":9,"correctAnswers":[],"correctAnswerExplanation":""},{"@type":"ClickMapQuestion","lowerCaseAlias":"","id":"1566974","alias":null,"text":"Assume that you have computed the gradients of an image and used them to calculate the gradient orientation and its magnitude. The results are shown in the image. Perform the non-maxima suppression of the Canny edge detector for the horizontal direction and select the elements that would be sent to zero in the image. [RESULTS IN NEXT QUESTION]","image":"4d80124b-85f0-4879-b169-39462d45f157","options":[],"maxNumberSelections":9,"correctAnswers":[],"correctAnswerExplanation":""},{"@type":"ClickMapQuestion","lowerCaseAlias":"","id":"1566972","alias":null,"text":"RESULTS","image":"c30e1b5f-b68b-4e77-aca6-199302369ade","options":[],"maxNumberSelections":9,"correctAnswers":[],"correctAnswerExplanation":""},{"@type":"ClickMapQuestion","lowerCaseAlias":"","id":"1570888","alias":null,"text":"On paper, perform double thresholding with thresold values of 20 and 34. Provide your answers on Vevox for the high threshold only.","image":"762212e4-021b-4d4b-aa63-7164b9a2a049","options":[],"maxNumberSelections":9,"correctAnswers":[],"correctAnswerExplanation":""},{"@type":"ClickMapQuestion","lowerCaseAlias":"","id":"1570907","alias":null,"text":"RESULTS","image":"4300b6b6-30ac-414f-873e-e8b869402b9f","options":[],"maxNumberSelections":9,"correctAnswers":[],"correctAnswerExplanation":""},{"@type":"ClickMapQuestion","lowerCaseAlias":"","id":"1570920","alias":null,"text":"Perform ONE hysteresis step.","image":"da6e2337-5336-4a90-80ca-5b666e4cee89","options":[],"maxNumberSelections":9,"correctAnswers":[],"correctAnswerExplanation":""},{"@type":"ClickMapQuestion","lowerCaseAlias":"","id":"1570921","alias":null,"text":"RESULTS","image":"935228b4-51ea-42d0-b02e-b62712fe1d44","options":[],"maxNumberSelections":9,"correctAnswers":[],"correctAnswerExplanation":""},{"@type":"ClickMapQuestion","lowerCaseAlias":"","id":"1570932","alias":null,"text":"Perform a SECOND hysteresis step.","image":"57e13160-8fe7-475f-8e0c-cdd99ce2cef4","options":[],"maxNumberSelections":9,"correctAnswers":[],"correctAnswerExplanation":""},{"@type":"ClickMapQuestion","lowerCaseAlias":"","id":"1570933","alias":null,"text":"RESULTS","image":"737bee84-8dfb-4faf-980e-6a8d141bd188","options":[],"maxNumberSelections":9,"correctAnswers":[],"correctAnswerExplanation":""},{"@type":"MultipleChoiceQuestion","lowerCaseAlias":"","id":"1570944","alias":null,"text":"Do we need to run a third hysteresis step?","image":"e5cee662-3939-45ed-b4f5-e397b242f225","choices":[{"id":"6238690","alias":null,"text":"no","isCorrectAnswer":false,"excludeFromResults":false,"image":null},{"id":"6238691","alias":null,"text":"it depends","isCorrectAnswer":true,"excludeFromResults":false,"image":null},{"id":"6238692","alias":null,"text":"yes","isCorrectAnswer":true,"excludeFromResults":false,"image":null}],"minNumberSelections":1,"maxNumberSelections":2,"resultFormat":"%","distributableWeight":null,"weightingSetting":null,"weightingFactor":null,"correctAnswerExplanation":null},{"@type":"ClickMapQuestion","lowerCaseAlias":"","id":"1570952","alias":null,"text":"RESULTS","image":"1cf6875b-75f6-4a6d-b4db-868c17bfe10d","options":[],"maxNumberSelections":9,"correctAnswers":[],"correctAnswerExplanation":""}]