[{"@type": "MultipleChoiceQuestion", "lowerCaseAlias": "", "id": 2967562, "alias": "", "text": "this is mcq", "image": "1067103", "choices": [{"id": 1129090, "alias": null, "text": "true", "isCorrectAnswer": true, "excludeFromResults": false, "image": null}, {"id": 2459026, "alias": null, "text": "incorrect", "isCorrectAnswer": false, "excludeFromResults": false, "image": null}, {"id": 1704251, "alias": null, "text": "correct", "isCorrectAnswer": true, "excludeFromResults": false, "image": null}], "minNumberSelections": 1, "maxNumberSelections": 2, "resultFormat": "%", "distributableWeight": null, "weightingSetting": null, "weightingFactor": null, "correctAnswerExplanation": "this is explain"}, {"@type": "OpenTextQuestion", "wordCloudQuestion": true, "lowerCaseAlias": "", "id": 1976238, "alias": "", "text": "this is wc question", "image": null, "maxLength": 2000, "maxWords": 150, "resultFormat": "WORD_CLOUD", "maxWordCount": null, "maxWordLength": null, "correctAnswers": [], "correctAnswerExplanation": ""}, {"@type": "OpenTextQuestion", "wordCloudQuestion": false, "lowerCaseAlias": "", "id": 2467447, "alias": "", "text": "this is text q", "image": "2966201", "maxLength": 2000, "maxWords": 150, "resultFormat": "RESPONSE_LIST", "maxWordCount": null, "maxWordLength": null, "correctAnswers": ["hello", "hi", "hey"], "correctAnswerExplanation": "this is text explanation"}, {"@type": "RankingQuestion", "lowerCaseAlias": "", "id": 1993974, "alias": "", "text": "this is preference q", "uiType": "ranking", "image": null, "choices": [{"id": 2065338, "sequence": 0, "alias": null, "text": "oranges", "image": null}, {"id": 1837974, "sequence": 1, "alias": null, "text": "apples", "image": null}, {"id": 2434702, "sequence": 2, "alias": null, "text": "bananas", "image": null}], "minNumberSelections": 1, "maxNumberSelections": 2, "correctAnswer": [], "correctAnswerExplanation": "this is preference explanation"}, {"@type": "RankingQuestion", "lowerCaseAlias": "", "id": 2566484, "alias": "", "text": "this is ordering q", "uiType": "ordering", "image": "2572893", "choices": [{"id": 2808044, "sequence": 0, "alias": null, "text": "second best", "image": null}, {"id": 2230512, "sequence": 1, "alias": null, "text": "best", "image": null}, {"id": 2276387, "sequence": 2, "alias": null, "text": "fourth best", "image": null}, {"id": 2417934, "sequence": 3, "alias": null, "text": "third best", "image": null}], "correctAnswer": [[{"choiceId": 2808044, "rank": "2"}, {"choiceId": 2230512, "rank": "1"}, {"choiceId": 2276387, "rank": "4"}, {"choiceId": 2417934, "rank": "3"}]], "minNumberSelections": 4, "maxNumberSelections": 4, "correctAnswerExplanation": " explanation is here"}, {"@type": "NumericQuestion", "lowerCaseAlias": "", "id": 1401455, "alias": "", "text": "this is numeric q", "image": null, "uiType": "inputfield", "resultFormat": "%", "min": "10", "max": "20", "minLabel": "", "maxLabel": "", "correctAnswers": [{"min": 11.9, "max": 18.1}], "numberOfDecimals": "1", "correctAnswerExplanation": "this is the explantion"}, {"@type": "NumericQuestion", "lowerCaseAlias": "", "id": 2867221, "alias": "", "text": "this is rating q", "image": "1144449", "uiType": "rating", "resultFormat": "%", "min": 1, "max": 5, "correctAnswers": [], "numberOfDecimals": 0, "correctAnswerExplanation": ""}, {"@type": "ScatterPlotQuestion", "lowerCaseAlias": "", "id": 2170225, "alias": "", "text": "this is xyplot", "image": null, "xText": "width", "yText": "length", "minX": 0, "maxX": "12", "minY": 0, "maxY": "12", "items": [{"id": 1843920, "alias": null, "sequence": 0, "text": "this is an item"}, {"id": 2625460, "alias": null, "sequence": 1, "text": "this is another item"}, {"id": 2220512, "alias": null, "sequence": 2, "text": "this is also item"}]}, {"@type": "ClickMapQuestion", "lowerCaseAlias": "", "id": 2358980, "alias": "", "text": "this is pin on image question", "image": "2535101", "options": [], "maxNumberSelections": 1, "correctAnswers": [{"x": 79, "y": 21, "xRadius": 38, "yRadius": 36}, {"x": 465, "y": 26, "xRadius": 36, "yRadius": 56}, {"x": 238, "y": 208, "xRadius": 113, "yRadius": 66}], "correctAnswerExplanation": ""}]