[{"@type":"MultipleChoiceQuestion","lowerCaseAlias":"","id":"2459311","alias":"","text":"A multiple choice question","image":null,"choices":[{"id":"9394172","alias":null,"text":"This is not the one","isCorrectAnswer":false,"excludeFromResults":false,"image":null},{"id":"9394173","alias":null,"text":"This is it!","isCorrectAnswer":true,"excludeFromResults":false,"image":null},{"id":"9394174","alias":null,"text":"Another wrong option","isCorrectAnswer":false,"excludeFromResults":false,"image":null}],"minNumberSelections":1,"maxNumberSelections":2,"resultFormat":"%","distributableWeight":null,"weightingSetting":null,"weightingFactor":null,"correctAnswerExplanation":"This is the reason why."},{"@type":"OpenTextQuestion","wordCloudQuestion":true,"lowerCaseAlias":"","id":"2459312","alias":"","text":"This is a word cloud kind of question.","image":"14bfe5c5-bf11-4b99-a3d7-6af7c288f5d3","maxLength":2000,"maxWords":150,"resultFormat":"WORD_CLOUD","maxWordCount":null,"maxWordLength":null,"correctAnswers":[],"correctAnswerExplanation":null},{"@type":"OpenTextQuestion","wordCloudQuestion":false,"lowerCaseAlias":"","id":"2459318","alias":"","text":"Text question.","image":"7dbaaa3b-c14a-4e44-af24-09ae4edaff27","maxLength":2000,"maxWords":150,"resultFormat":"RESPONSE_LIST","maxWordCount":null,"maxWordLength":null,"correctAnswers":["This is the correct answer.","This would also be correct."],"correctAnswerExplanation":"Reasons here."},{"@type":"RankingQuestion","lowerCaseAlias":"","id":"2459319","alias":"","text":"Ranking by preference","uiType":"ranking","image":"516732b7-6afe-4b6b-933b-56bfc25d90d4","choices":[{"id":"138a66b2-ec79-408d-b21d-a0aa1ceba902","sequence":0,"alias":null,"text":"Choice 1","image":null},{"id":"cecb3831-9f3c-4719-b084-793b8353bdff","sequence":1,"alias":null,"text":"Choice 2","image":"516732b7-6afe-4b6b-933b-56bfc25d90d4"},{"id":"b635bc2d-138d-4fd3-bd45-6cbc81bb638d","sequence":2,"alias":null,"text":"Choice 3","image":null}],"minNumberSelections":1,"maxNumberSelections":3,"correctAnswer":{"choices":[]},"correctAnswerExplanation":null},{"@type":"RankingQuestion","lowerCaseAlias":"","id":"2459325","alias":"","text":"Ranking by order","uiType":"ordering","image":null,"choices":[{"id":"18277b28-e218-4426-8bb8-35dea09c3cb4","sequence":0,"alias":null,"text":"Choice 1","image":null},{"id":"caa1e3cf-2a52-40bf-a52f-df5bbe07d60f","sequence":1,"alias":null,"text":"Choice 2","image":null},{"id":"da67187e-0ce7-4374-be64-5bcc879f8d3d","sequence":2,"alias":null,"text":"Choice 3","image":null}],"minNumberSelections":3,"maxNumberSelections":3,"correctAnswer":{"choices":[{"choiceId":"18277b28-e218-4426-8bb8-35dea09c3cb4","rank":3},{"choiceId":"caa1e3cf-2a52-40bf-a52f-df5bbe07d60f","rank":2},{"choiceId":"da67187e-0ce7-4374-be64-5bcc879f8d3d","rank":1}]},"correctAnswerExplanation":"This would be the explanation."},{"@type":"NumericQuestion","lowerCaseAlias":"","id":"2459328","alias":"","text":"A numeric question","image":null,"uiType":"inputfield","resultFormat":"%","min":1,"max":10,"minLabel":"","maxLabel":"","correctAnswers":[{"min":1.9,"max":2.1}],"numberOfDecimals":2,"correctAnswerExplanation":"Type in the explanation here."},{"@type":"NumericQuestion","lowerCaseAlias":"","id":"2459332","alias":"","text":"Rating question.","image":"3e2b1e8f-af78-4326-81d9-10a1b1d0fe01","uiType":"rating","resultFormat":"%","min":1,"max":5,"minLabel":"","maxLabel":"","correctAnswers":[],"numberOfDecimals":0,"correctAnswerExplanation":null},{"@type":"ScatterPlotQuestion","lowerCaseAlias":"","id":"2459343","alias":null,"text":"XY plot type of question","image":"1f04d1a2-923a-4aa4-89de-52a0856a54ad","xText":"Likelihood","yText":"Impact","minX":0,"maxX":7,"minY":0,"maxY":7,"items":[{"id":"15692","alias":null,"sequence":0,"text":"Item 1"},{"id":"15693","alias":null,"sequence":1,"text":"Item 2"},{"id":"15694","alias":null,"sequence":2,"text":"Item 3"}]},{"@type":"ClickMapQuestion","lowerCaseAlias":"","id":"2459379","alias":"","text":"Pin on image question.","image":"f7f26353-0492-4115-9828-8cdb2e7bb152","options":[],"maxNumberSelections":1,"correctAnswers":[],"correctAnswerExplanation":""}]