[{"@type": "MultipleChoiceQuestion", "lowerCaseAlias": "", "id": 1408960, "alias": "", "text": "thibsitets", "image": "1552898", "choices": [{"id": 1196114, "alias": null, "text": "trues", "isCorrectAnswer": true, "excludeFromResults": false, "image": null}, {"id": 1409880, "alias": null, "text": "fasle", "isCorrectAnswer": false, "excludeFromResults": false, "image": null}, {"id": 1295524, "alias": null, "text": "trieis", "isCorrectAnswer": true, "excludeFromResults": false, "image": null}], "minNumberSelections": 1, "maxNumberSelections": 2, "resultFormat": "%", "distributableWeight": null, "weightingSetting": null, "weightingFactor": null, "correctAnswerExplanation": "tis is eoxain image"}]