[{"@type": "MultipleChoiceQuestion", "lowerCaseAlias": "", "id": 2743342, "alias": "", "text": "this is mcq", "image": "2330800", "choices": [{"id": 1734003, "alias": null, "text": "true", "isCorrectAnswer": true, "excludeFromResults": false, "image": null}, {"id": 2386429, "alias": null, "text": "incorrect", "isCorrectAnswer": false, "excludeFromResults": false, "image": null}, {"id": 2564184, "alias": null, "text": "correct", "isCorrectAnswer": true, "excludeFromResults": false, "image": null}], "minNumberSelections": 1, "maxNumberSelections": 2, "resultFormat": "%", "distributableWeight": null, "weightingSetting": null, "weightingFactor": null, "correctAnswerExplanation": "this is explanation"}, {"@type": "OpenTextQuestion", "wordCloudQuestion": true, "lowerCaseAlias": "", "id": 1151471, "alias": "", "text": "this is wordcloud q", "image": null, "maxLength": 2000, "maxWords": 150, "resultFormat": "WORD_CLOUD", "maxWordCount": null, "maxWordLength": null, "correctAnswers": [], "correctAnswerExplanation": ""}, {"@type": "OpenTextQuestion", "wordCloudQuestion": false, "lowerCaseAlias": "", "id": 2201189, "alias": "", "text": "this is text q", "image": "1767218", "maxLength": 2000, "maxWords": 150, "resultFormat": "RESPONSE_LIST", "maxWordCount": null, "maxWordLength": null, "correctAnswers": ["hello", "hey", "hi"], "correctAnswerExplanation": "this is explanation"}, {"@type": "RankingQuestion", "lowerCaseAlias": "", "id": 2080078, "alias": "", "text": "this is preference", "uiType": "ranking", "image": null, "choices": [{"id": 1645484, "sequence": 0, "alias": null, "text": "oranges", "image": null}, {"id": 2956974, "sequence": 1, "alias": null, "text": "apples", "image": null}, {"id": 2458724, "sequence": 2, "alias": null, "text": "bananas", "image": null}], "minNumberSelections": 1, "maxNumberSelections": 2, "correctAnswer": [], "correctAnswerExplanation": "this is explanation"}, {"@type": "RankingQuestion", "lowerCaseAlias": "", "id": 1781811, "alias": "", "text": "this is ordering q", "uiType": "ordering", "image": "1959454", "choices": [{"id": 1385457, "sequence": 0, "alias": null, "text": "fourth best", "image": null}, {"id": 2924238, "sequence": 1, "alias": null, "text": "third best", "image": null}, {"id": 2789941, "sequence": 2, "alias": null, "text": "best", "image": null}, {"id": 1088921, "sequence": 3, "alias": null, "text": "second best", "image": null}], "minNumberSelections": 4, "maxNumberSelections": 4, "correctAnswer": [[{"choiceId": 1385457, "rank": "4"}, {"choiceId": 2924238, "rank": "3"}, {"choiceId": 2789941, "rank": "1"}, {"choiceId": 1088921, "rank": "2"}]], "correctAnswerExplanation": "this is the explanantion"}, {"@type": "NumericQuestion", "lowerCaseAlias": "", "id": 2514965, "alias": "", "text": "this is numeric", "image": null, "uiType": "inputfield", "resultFormat": "%", "min": "10", "max": "20", "minLabel": "", "maxLabel": "", "correctAnswers": [{"min": 11.8, "max": 18.2}], "numberOfDecimals": "1", "correctAnswerExplanation": "this is explain"}, {"@type": "NumericQuestion", "lowerCaseAlias": "", "id": 2967677, "alias": "", "text": "this is rating q", "image": "2448702", "uiType": "rating", "resultFormat": "%", "min": 1, "max": 5, "correctAnswers": [], "numberOfDecimals": 0, "correctAnswerExplanation": ""}, {"@type": "ScatterPlotQuestion", "lowerCaseAlias": "", "id": 2750013, "alias": "", "text": "this is xyplot", "image": null, "xText": "width", "yText": "height", "minX": 0, "maxX": "10", "minY": 0, "maxY": "10", "items": [{"id": 2810462, "alias": null, "sequence": 0, "text": "item 1"}, {"id": 2972098, "alias": null, "sequence": 1, "text": "item2"}, {"id": 1660987, "alias": null, "sequence": 2, "text": "item3"}]}, {"@type": "ClickMapQuestion", "lowerCaseAlias": "", "id": 1411054, "alias": "", "text": "this is pin on image", "image": "1884554", "options": [], "maxNumberSelections": 1, "correctAnswers": [{"x": 83, "y": 26, "xRadius": 28, "yRadius": 32}, {"x": 459, "y": 27, "xRadius": 39, "yRadius": 48}, {"x": 236, "y": 207, "xRadius": 114, "yRadius": 69}], "correctAnswerExplanation": ""}]