[{"@type": "MultipleChoiceQuestion", "lowerCaseAlias": "", "id": 1413544, "alias": "", "text": "tthis is multichoice", "image": "2057757", "choices": [{"id": 1751154, "alias": null, "text": "this is true", "isCorrectAnswer": true, "excludeFromResults": false, "image": null}, {"id": 1388914, "alias": null, "text": "this is also true", "isCorrectAnswer": true, "excludeFromResults": false, "image": null}, {"id": 2035356, "alias": null, "text": "this is false", "isCorrectAnswer": false, "excludeFromResults": false, "image": null}, {"id": 2097695, "alias": null, "text": "this is false", "isCorrectAnswer": false, "excludeFromResults": false, "image": null}, {"id": 1778676, "alias": null, "text": "this is true", "isCorrectAnswer": true, "excludeFromResults": false, "image": null}], "minNumberSelections": 1, "maxNumberSelections": 2, "resultFormat": "%", "distributableWeight": null, "weightingSetting": null, "weightingFactor": null, "correctAnswerExplanation": "this is the explanation"}]