[{"@type": "MultipleChoiceQuestion", "lowerCaseAlias": "", "id": 1163024, "alias": "", "text": "this iww", "image": null, "choices": [{"id": 2282991, "alias": null, "text": "frd", "isCorrectAnswer": true, "excludeFromResults": false, "image": null}, {"id": 1458615, "alias": null, "text": "sec", "isCorrectAnswer": false, "excludeFromResults": false, "image": null}], "minNumberSelections": 1, "maxNumberSelections": 2, "resultFormat": "%", "distributableWeight": null, "weightingSetting": null, "weightingFactor": null, "correctAnswerExplanation": "exlpain"}]