[{"@type": "MultipleChoiceQuestion", "lowerCaseAlias": "", "id": 2618989, "alias": "", "text": "this is mcq", "image": null, "choices": [{"id": 1518597, "alias": null, "text": "this is flase", "isCorrectAnswer": false, "excludeFromResults": false, "image": null}, {"id": 1109574, "alias": null, "text": "this is true", "isCorrectAnswer": true, "excludeFromResults": false, "image": null}, {"id": 2890638, "alias": null, "text": "thisis false", "isCorrectAnswer": false, "excludeFromResults": false, "image": null}], "minNumberSelections": 1, "maxNumberSelections": 2, "resultFormat": "%", "distributableWeight": null, "weightingSetting": null, "weightingFactor": null, "correctAnswerExplanation": "this is explain"}, {"@type": "OpenTextQuestion", "wordCloudQuestion": false, "lowerCaseAlias": "", "id": 1862245, "alias": "", "text": "this is text", "image": null, "maxLength": 2000, "maxWords": 150, "resultFormat": "RESPONSE_LIST", "maxWordCount": null, "maxWordLength": null, "correctAnswers": [{"0": "first one"}, {"1": "secnid"}], "correctAnswerExplanation": "this is explains"}, {"@type": "RankingQuestion", "lowerCaseAlias": "", "id": 2618939, "alias": "", "text": "this is prefernce", "uiType": "ranking", "image": null, "choices": [], "minNumberSelections": 1, "maxNumberSelections": 2, "correctAnswer": null, "correctAnswerExplanation": "this is explains"}, {"@type": "RankingQuestion", "lowerCaseAlias": "", "id": 2990359, "alias": "", "text": "this is order", "uiType": "ordering", "image": null, "choices": [], "minNumberSelections": 1, "maxNumberSelections": 2, "correctAnswer": [], "correctAnswerExplanation": "this is explains"}, {"@type": "OpenTextQuestion", "wordCloudQuestion": false, "lowerCaseAlias": "", "id": 2877519, "alias": "", "text": "this is text", "image": null, "maxLength": 2000, "maxWords": 150, "resultFormat": "RESPONSE_LIST", "maxWordCount": null, "maxWordLength": null, "correctAnswers": [{"0": "hello"}, {"1": "hi"}], "correctAnswerExplanation": "this is explains"}, {"@type": "OpenTextQuestion", "wordCloudQuestion": true, "lowerCaseAlias": "", "id": 2746801, "alias": "", "text": "this is wordcloud", "image": null, "maxLength": 2000, "maxWords": 150, "resultFormat": "WORD_CLOUD", "maxWordCount": null, "maxWordLength": null, "correctAnswers": [], "correctAnswerExplanation": "this is explains"}, {"@type": "NumericQuestion", "lowerCaseAlias": "", "id": 1675930, "alias": "", "text": "this is wordcloud", "image": null, "resultFormat": "%", "min": "10", "max": "20", "minLabel": null, "maxLabel": null, "correctAnswers": {"min": 14.0, "max": 16.0}, "numberOfDecimals": "1", "correctAnswerExplanation": "this is explains"}, {"@type": "NumericQuestion", "lowerCaseAlias": "", "id": 2403518, "alias": "", "text": "this is rating", "image": null, "uiType": "rating", "resultFormat": "%", "min": 1, "max": 5, "correctAnswers": [], "numberOfDecimals": 0, "correctAnswerExplanation": "this is explains"}]